source_row_id,policy_id,client_id,advisor_id,product_code,product_line,inception_date,end_date,annual_premium,sum_assured,policy_status,currency,source_system,quarantine_reason
SP-000000078,POL000000078,CL00011151,ADV000533,RA,Retirement Annuity,,03-21-2022,"ZAR 3,504.47",7198973.95,Active,R,LegacyLifeB,Missing inception_date
SP-000000155,POL000000155,CL00008433,ADV000148,LIFE,Life Cover,,10-25-2023,"R 46,636.39","R 3,513,263.75",In Force,ZAR,LegacyLifeA,Missing inception_date
SP-000000664,POL000000664,CL00000561,ADV000568,LIFE,Life Cover,,10-14-2023,"11.865,55","1.075.819,21",In Force,R,WealthCore,Missing inception_date
SP-000001477,POL000001477,CL00010164,ADV000284,RA,Retirement Annuity,,08-02-2027,30796.60,"R 11,108,706.40",Cancelled,R,WealthCore,Missing inception_date
SP-000001529,POL000001529,CL00001196,ADV000266,RA,Retirement Annuity,,2031-11-02,37519.85,"1.860.457,25",Unknown,ZAR,LegacyLifeB,Missing inception_date
SP-000002282,POL000002282,CL00000756,ADV000056,RA,Retirement Annuity,,24/10/2027,"ZAR 38,268.13","421,924.73",INFORCE,R,LegacyLifeA,Missing inception_date
SP-000002352,POL000002352,CL00009346,ADV000236,LIFE,Life Cover,,09-07-2033,"R 12,299.61","ZAR 11,362,691.07",Lapsed,ZAR,WealthCore,Missing inception_date
SP-000002433,POL000002433,CL00004877,ADV000122,LIFE,Life Cover,,05/03/2041,"ZAR 7,338.86","ZAR 3,582,457.06",Cancelled,ZAR,LegacyLifeA,Missing inception_date
SP-000003779,POL000003779,CL00003661,MISSING-102979,WEALTH,Wealth Investment,,31/05/2022,"R 35,936.00","10.936.360,16",In Force,ZAR,LegacyLifeB,Missing inception_date
SP-000003840,POL000003840,CL00001401,ADV000331,RA,Retirement Annuity,,2020/09/24,"R 33,059.68",7745645.58,Lapsed,zar,WealthCore,Missing inception_date
SP-000004233,POL000004233,CL00010929,ADV000088,RA,Retirement Annuity,,2039-07-03,"R 4,867.45","R 5,513,600.20",Lapsed,zar,WealthCore,Missing inception_date
SP-000004383,POL000004383,CL00011006,ADV000379,RA,Retirement Annuity,,2039-03-11,"R 15,160.91",5610170.19,Unknown,ZAR,WealthCore,Missing inception_date
SP-000005007,POL000005007,CL00008401,ADV000503,RA,Retirement Annuity,,23/11/2034,"R 39,093.22","387.445,63",In Force,zar,WealthCore,Missing inception_date
SP-000005521,POL000005521,CL00002897,ADV000216,RA,Retirement Annuity,,2031-04-23,"41.265,82","11,513,078.87",INFORCE,ZAR,WealthCore,Missing inception_date
SP-000005673,POL000005673,CL00007190,ADV000205,WEALTH,Wealth Investment,,01-02-2037,11276.27,"ZAR 10,816,721.41",Active,zar,WealthCore,Missing inception_date
SP-000005891,POL000005891,CL00010138,ADV000030,LIFE,Life Cover,,11-26-2026,"24.185,33","R 7,250,045.43",Unknown,ZAR,LegacyLifeA,Missing inception_date
SP-000006097,POL000006097,CL00003335,ADV000417,RA,Retirement Annuity,,31/12/2031,"ZAR 23,571.00","R 902,932.29",Cancelled,ZAR,WealthCore,Missing inception_date
SP-000006360,POL000006360,CL00008830,ADV000416,LIFE,LIFE COVER,,11-07-2038,"ZAR 41,432.68","4,158,422.93",Cancelled,ZAR,LegacyLifeB,Missing inception_date
SP-000006392,POL000006392,CL00008021,ADV000274,RA,Retirement Annuity,,2020/03/30,"11.308,54",1461793.17,Cancelled,zar,LegacyLifeA,Missing inception_date
SP-000006668,POL000006668,CL00003966,ADV000450,LIFE,Life Cover,,2028-01-15,"13.548,12","6,513,517.16",Active,R,LegacyLifeA,Missing inception_date
SP-000006700,POL000006700,CL00009471,ADV000345,WEALTH,Wealth Investment,,2025/11/02,29244.10,"3.774.502,66",Cancelled,ZAR,LegacyLifeA,Missing inception_date
SP-000006906,POL000006906,CL00004915,ADV000283,LIFE,Life Cover,,2041-09-28,"39,088.69","5,143,897.75",In Force,ZAR,LegacyLifeB,Missing inception_date
SP-000007405,POL000007405,CL00004472,ADV000186,RA,Retirement Annuity,,01/04/2021,"40.460,05","4.580.631,50",INFORCE,ZAR,LegacyLifeA,Missing inception_date
SP-000007964,POL000007964,CL00008415,ADV000516,WEALTH,Wealth Investment,,07/09/2031,"R 29,358.90","ZAR 8,193,563.21",Active,R,LegacyLifeA,Missing inception_date
SP-000008010,POL000008010,CL00011519,ADV000033,RA,Retirement Annuity,,2040-03-05,"R 2,239.78","1.903.129,86",INFORCE,zar,LegacyLifeB,Missing inception_date
SP-000008246,POL000008246,CL00005868,ADV000162,LIFE,Life Cover,,2019/07/24,"343,96","6.570.340,50",In Force,R,WealthCore,Missing inception_date
SP-000008537,POL000008537,CL00003217,ADV000489,WEALTH,Wealth Investment,,2045/06/18,36076.29,"6.480.575,99",Lapsed,ZAR,LegacyLifeB,Missing inception_date
SP-000008592,POL000008592,CL00002171,ADV000182,LIFE,Life Cover,,19/05/2022,"8,781.10","8,930,337.35",Cancelled,zar,WealthCore,Missing inception_date
SP-000008610,POL000008610,CL00002783,ADV000592,WEALTH,Wealth Investment,,26/03/2018,"R 19,705.42","R 10,002,677.41",Lapsed,ZAR,LegacyLifeA,Missing inception_date
SP-000009025,POL000009025,CL00003901,ADV000555,WEALTH,Wealth Investment,,29/08/2042,"ZAR 42,830.86","ZAR 10,107,710.07",In Force,ZAR,LegacyLifeB,Missing inception_date
SP-000009662,POL000009662,CL00004391,ADV000221,RA,Retirement Annuity,,08-31-2037,"ZAR 13,858.24","9,662,717.97",Unknown,R,LegacyLifeB,Missing inception_date
SP-000010128,POL000010128,CL00000675,ADV000530,WEALTH,Wealth Investment,,02-09-2024,"ZAR 9,928.61",R --,Unknown,R,WealthCore,Missing inception_date
SP-000010406,POL000010406,CL00004943,ADV000002,WEALTH,Wealth Investment,,2019/07/21,"ZAR 24,999.59","3,648,848.09",In Force,zar,WealthCore,Missing inception_date
SP-000010459,POL000010459,CL00006285,ADV000376,LIFE,LIFE COVER,,30/06/2038,"27.197,40","R 3,953,840.32",Unknown,ZAR,WealthCore,Missing inception_date
SP-000011053,POL000011053,CL00007205,ADV000224,RA,Retirement Annuity,,12-08-2020,"R 40,486.34","9.392.362,06",Active,ZAR,LegacyLifeA,Missing inception_date
SP-000012212,POL000012212,CL00008368,ADV000328,LIFE,Life Cover,,16/07/2043,"ZAR 24,616.72",71688.29,Lapsed,R,LegacyLifeB,Missing inception_date
SP-000012437,POL000012437,CL00001205,ADV000431,WEALTH,Wealth Investment,,2023-03-12,"14,146.28","ZAR 10,905,497.02",Unknown,zar,LegacyLifeB,Missing inception_date
SP-000012901,POL000012901,CL00000785,ADV000534,LIFE,Life Cover,,2028-04-14,"42,647.62","2.597.495,48",Active,R,LegacyLifeA,Missing inception_date
SP-000013362,POL000013362,CL00005592,ADV000185,RA,Retirement Annuity,,17/04/2042,"ZAR 29,672.76",5858510.23,Cancelled,ZAR,LegacyLifeB,Missing inception_date
SP-000014355,POL000014355,CL00011357,ADV000168,WEALTH,Wealth Investment,,2024-19-42,"38,385.30","ZAR 4,115,349.37",INFORCE,R,LegacyLifeB,Missing inception_date
SP-000014433,POL000014433,CL00003426,ADV000144,WEALTH,Wealth Investment,,2020-03-16,"R 1,713.71",9219292.16,Lapsed,R,LegacyLifeA,Missing inception_date
SP-000014512,POL000014512,CL00010626,ADV000587,LIFE,Life Cover,,2030-03-02,"7,984.67","ZAR 11,401,097.82",Cancelled,R,WealthCore,Missing inception_date
SP-000014754,POL000014754,CL00002379,ADV000179,LIFE,Life Cover,,2022/06/09,"39.060,04","R 7,597,656.25",In Force,zar,LegacyLifeA,Missing inception_date
SP-000014816,POL000014816,CL00011391,ADV000261,RA,Retirement Annuity,,2023-04-17,"20,325.93",5651992.12,Lapsed,R,LegacyLifeA,Missing inception_date
SP-000014951,POL000014951,CL00003599,ADV000208,RA,Retirement Annuity,,2035-10-18,"R 42,647.04","10,718,299.22",In Force,zar,LegacyLifeB,Missing inception_date
SP-000015027,POL000015027,CL00001825,ADV000297,WEALTH,Wealth Investment,,2025/05/25,"R 47,792.90","6,834,190.33",Active,ZAR,WealthCore,Missing inception_date
SP-000015437,POL000015437,CL00007094,ADV000168,LIFE,Life Cover,,07-16-2041,"ZAR 2,569.91","10.086.649,05",INFORCE,R,WealthCore,Missing inception_date
SP-000015465,POL000015465,CL00011879,ADV000441,RA,Retirement Annuity,,01-25-2023,"41,494.69","R 3,761,876.99",INFORCE,ZAR,LegacyLifeB,Missing inception_date
SP-000015634,POL000015634,CL00006167,ADV000083,LIFE,Life Cover,,07-12-2021,"19,586.90","9.532.694,23",In Force,ZAR,WealthCore,Missing inception_date
SP-000016003,POL000016003,CL00009178,ADV000080,LIFE,Life Cover,,04/11/2019,"41,253.46","ZAR 4,922,363.69",Active,zar,LegacyLifeA,Missing inception_date
SP-000017298,POL000017298,CL00004033,ADV000182,WEALTH,Wealth Investment,,2032/02/23,"47.797,60","R 6,288,131.02",INFORCE,ZAR,LegacyLifeB,Missing inception_date
SP-000017692,POL000017692,CL00000205,ADV000127,WEALTH,Wealth Investment,,2027/03/17,"ZAR 8,790.41","R 9,432,381.75",Active,zar,LegacyLifeA,Missing inception_date
SP-000017798,POL000017798,CL00000300,ADV000271,LIFE,LIFE COVER,,01-01-2038,"R 45,023.82","ZAR 9,685,508.50",Unknown,zar,WealthCore,Missing inception_date
SP-000017849,POL000017849,CL00001009,ADV000436,LIFE,Life Cover,,11/02/2018,44449.48,3148906.15,INFORCE,R,LegacyLifeA,Missing inception_date
SP-000018707,POL000018707,CL00004853,ADV000593,RA,Retirement Annuity,,05/03/2028,"3,495.46","5,904,424.65",In Force,ZAR,LegacyLifeA,Missing inception_date
SP-000018862,POL000018862,CL00000276,ADV000052,WEALTH,Wealth Investment,,2023-02-08,"32,478.57","91,100.74",INFORCE,ZAR,LegacyLifeB,Missing inception_date
SP-000018981,POL000018981,CL00004862,ADV000596,LIFE,Life Cover,,2027/08/24,"ZAR 12,426.89","3,633,469.80",Cancelled,zar,WealthCore,Missing inception_date
SP-000019251,POL000019251,CL00008739,ADV000101,LIFE,Life Cover,,2044/02/26,"33.491,75",363168.37,Lapsed,ZAR,WealthCore,Missing inception_date
SP-000019558,POL000019558,CL00011026,ADV000320,LIFE,Life Cover,,2024/11/06,"R 43,624.48","5,078,081.22",Lapsed,ZAR,LegacyLifeA,Missing inception_date
SP-000020003,POL000020003,CL00008305,ADV000385,WEALTH,Wealth Investment,,2023-01-02,"ZAR 16,839.07","756.226,94",Unknown,R,LegacyLifeB,Missing inception_date
SP-000020091,POL000020091,CL00006388,ADV000051,LIFE,Life Cover,,07/01/2022,ZAR 916.85,"9.185.740,46",INFORCE,R,LegacyLifeA,Missing inception_date
SP-000020545,POL000020545,CL00006375,ADV000422,WEALTH,Wealth Investment,,04-05-2023,"10,104.03","ZAR 9,849,281.96",Lapsed,R,LegacyLifeB,Missing inception_date
SP-000020664,POL000020664,CL00009393,ADV000253,LIFE,Life Cover,,04/01/2035,"43,615.25",1764357.61,Cancelled,zar,LegacyLifeA,Missing inception_date
SP-000021463,POL000021463,CL00006333,ADV000336,RA,Retirement Annuity,,2030-03-02,"9,974.16","R 1,065,925.68",INFORCE,ZAR,WealthCore,Missing inception_date
SP-000021772,POL000021772,CL00000095,ADV000129,LIFE,Life Cover,,2025-11-25,"R 21,616.95","ZAR 6,514,431.90",In Force,R,LegacyLifeB,Missing inception_date
SP-000022045,POL000022045,CL00002249,MISSING-661427,WEALTH,Wealth Investment,,2023-07-06,44958.55,"R 7,841,194.03",Cancelled,R,LegacyLifeB,Missing inception_date
SP-000022082,POL000022082,CL00003894,ADV000500,WEALTH,Wealth Investment,,2023/09/29,"16,587.08","8,691,877.45",Unknown,R,WealthCore,Missing inception_date
SP-000022253,POL000022253,CL00008827,ADV000301,LIFE,Life Cover,,27/02/2041,"40,838.01","R 10,337,541.09",INFORCE,ZAR,WealthCore,Missing inception_date
SP-000022366,POL000022366,CL00000947,ADV000348,WEALTH,Wealth Investment,,2033/10/26,"ZAR 38,946.18","2.589.295,76",In Force,ZAR,WealthCore,Missing inception_date
SP-000023072,POL000023072,CL00005813,ADV000136,WEALTH,Wealth Investment,,2021-04-12,"ZAR 43,885.24",9163746.82,Lapsed,R,LegacyLifeA,Missing inception_date
SP-000023165,POL000023165,CL00001278,ADV000522,LIFE,Life Cover,,2026/08/28,"R 46,756.95",8531881.41,In Force,ZAR,WealthCore,Missing inception_date
SP-000023286,POL000023286,CL00005131,ADV000466,RA,Retirement Annuity,,03/08/2044,"R 41,664.48","R 278,602.93",Lapsed,zar,WealthCore,Missing inception_date
SP-000023292,POL000023292,CL00002364,ADV000343,WEALTH,Wealth Investment,,01-15-2027,"2,462.92",6502967.91,Lapsed,zar,LegacyLifeA,Missing inception_date
SP-000023415,POL000023415,CL00011000,ADV000557,WEALTH,Wealth Investment,,03/12/2035,"11,917.34","10,556,558.35",In Force,ZAR,LegacyLifeA,Missing inception_date
SP-000024177,POL000024177,CL00000616,ADV000506,WEALTH,Wealth Investment,,2022/09/12,"R 20,226.41","9,291,428.52",In Force,zar,LegacyLifeA,Missing inception_date
SP-000024481,POL000024481,CL00005224,ADV000168,RA,Retirement Annuity,,08/03/2045,"R 19,082.51","R 9,867,155.57",Cancelled,ZAR,LegacyLifeA,Missing inception_date
SP-000024556,POL000024556,CL00005971,ADV000125,LIFE,Life Cover,,2038-01-16,"ZAR 32,376.87","7,438,145.59",INFORCE,ZAR,WealthCore,Missing inception_date
SP-000024947,POL000024947,CL00007434,ADV000356,WEALTH,Wealth Investment,,2041/10/06,"10.464,66","11.806.559,47",Active,R,LegacyLifeB,Missing inception_date
SP-000025194,POL000025194,CL00007834,ADV000345,LIFE,Life Cover,,2024-04-19,"ZAR 16,909.22","2,126,701.87",Active,zar,LegacyLifeA,Missing inception_date
SP-000025339,POL000025339,CL00009649,MISSING-655648,RA,Retirement Annuity,,2030-01-24,"13.308,24",3874195.57,INFORCE,ZAR,WealthCore,Missing inception_date
SP-000025958,POL000025958,CL00006898,ADV000359,LIFE,Life Cover,,11-28-2026,"29.111,08","ZAR 3,726,944.04",Cancelled,R,LegacyLifeA,Missing inception_date
